{
    "points": [
        {
            "name": "Variable Declaration",
            "div": "vars"
        },
        {
            "name": "Operators",
            "div": "op"
        },
        {
            "name": "Go Packages",
            "div": "pack"
        },
        {
            "name": "Arrays and Slices",
            "div": "arr"
        },
        {
            "name": "Maps and Struct",
            "div": "maps"
        },
        {
            "name": "If and Switch",
            "div": "condition"
        },
        {
            "name": "Looping",
            "div": "loops"
        },
        {
            "name": "Defer Panic Recover",
            "div": "defer"
        },
        {
            "name": "Pointers",
            "div": "pointers"
        },
        {
            "name": "Functions",
            "div": "func"
        },
        {
            "name": "Interfaces",
            "div": "interfaces"
        }
    ]
}